{"layout":"password","sections":{"main":{"type":"password-main","blocks":{"logo_BWT7CD":{"type":"logo","settings":{}},"announcement_qd8ThC":{"type":"announcement","settings":{}},"email_signup_yWRPnk":{"type":"email-signup","settings":{}},"custom_liquid_8Hcmqe":{"type":"custom-liquid","disabled":true,"settings":{"custom_liquid":""}},"password_GqyVmP":{"type":"password","settings":{}}},"block_order":["logo_BWT7CD","announcement_qd8ThC","email_signup_yWRPnk","custom_liquid_8Hcmqe","password_GqyVmP"],"settings":{"logo":"shopify:\/\/shop_images\/FOGHART_BRAIN-MAIN_LOGO_dd02e992-f766-4841-85c1-c434c37de9aa.svg","logo-size":50,"logo-size-mobile":50,"announcement-text":"JOIN EMAIL LIST FOR EARLY ACCESS","pass-background":"image","pass-background-color":"#ffffff","pass-background-gradient":"","pass-background-image":"shopify:\/\/shop_images\/pozadie_web_acfb95b9-64e5-4b70-a9ef-ff9d56adc89e.webp","margin-top":15,"margin-bottom":15,"pass-text-color":"#000000","pass-button-color":"#ffffff","pass-button-bg":"#000000","popup-bg":"#ffffff","input-bg":"#ffffff","input-text":"#000000"}}},"order":["main"]}