{"current":{"favicon":"shopify:\/\/shop_images\/FOGHART_BRAIN-MAIN_LOGO_green.svg","type_header_font":"arial_n7","type_body_font":"arial_n4","font_transform":"uppercase","font_transform_body":"standart","enable_custom_headings_font":false,"custom_heading_font":"","enable_custom_body_font":false,"custom_body_font":"","product_list-info":"Show","collection-title":"Hide","product_list-pc":"Four","product_list":"Two","product_card_size":"Square","enable_infinity_scroll":true,"body-background":"image","body-background-color":"#ffffff","body-background-image":"shopify:\/\/shop_images\/pozadie_web_acfb95b9-64e5-4b70-a9ef-ff9d56adc89e.webp","headings-color":"#000000","body-color":"#000000","header-menu":"#000000","submenu-color":"#000000","submenu-bg":"#ffffff","header-menu-mobile":"#ffffff","header-menu-mobile-background":"#000000","button-color":"#ffffff","button-bg":"#000000","input-color":"#000000","input-bg":"#ffffff","image-switches":"black","product_dot_active":"#000000","product_desc_size_pc":12,"product_desc_line_height_pc":1.4,"product_desc_size_mobile":10,"product_desc_line_height_mobile":1.3,"eyecey-copy":false,"enable-preloader":false,"pageloader-logo":"shopify:\/\/shop_images\/EYECEY_logo2_1.png","pageloader-logo-size":230,"pageloader-logo-size-mobile":120,"enable-header-overlay":false,"header-overlay-logo":"shopify:\/\/shop_images\/Mask_group.png","checkout_accent_color":"#000000","checkout_button_color":"#000000","sections":{"featured-collection":{"type":"featured-collection","settings":{"collection_handle":"","products_per_page":10}},"header":{"type":"header","custom_css":[],"settings":{"logo":"shopify:\/\/shop_images\/FOGHART_BRAIN-MAIN_LOGO_dd02e992-f766-4841-85c1-c434c37de9aa.svg","logo-size":50,"logo-size-mobile":50,"menu":""}},"footer":{"type":"footer","settings":{"footer_display":"policies","footer_menu":"footer","nav_size_pc":10,"nav_size_mobile":10}},"related-products":{"type":"related-products","settings":{"related_show":true}}},"content_for_index":[],"blocks":{"855628211100114053":{"type":"shopify:\/\/apps\/klaviyo-email-marketing-sms\/blocks\/klaviyo-onsite-embed\/2632fe16-c075-4321-a88b-50b567f42507","disabled":true,"settings":{}}}}}